<?xml version="1.0" encoding="UTF-8" standalone="yes"?>
<manifest>
  <control namespace="Sample" constructor="CalenderSchedule" version="0.0.1" display-name-key="CalenderSchedule" description-key="CalenderSchedule description" control-type="virtual" api-version="1.3.18">
    <external-service-usage enabled="false"/>
    <data-set name="appoinments" display-name-key="Dataset_Display_Key"/>
    <property name="fromColumn" display-name-key="FromColumn" description-key="FromColumn_Description" of-type="SingleLine.Text" usage="input" required="true"/>
    <property name="toColumn" display-name-key="ToColumn" description-key="ToColumn_Description" of-type="SingleLine.Text" usage="input" required="true"/>
    <property name="titleColumn" display-name-key="TitleColumn" description-key="TitleColumn_Description" of-type="SingleLine.Text" usage="input" required="true"/>
    <property name="subtitleColumn" display-name-key="SubtitleColumn" description-key="SubtitleColumn_Description" of-type="SingleLine.Text" usage="input" required="true"/>
    <property name="typeColumn" display-name-key="TypeColumn" description-key="TypeColumn_Description" of-type="SingleLine.Text" usage="input" required="true"/>
    <resources>
      <code path="bundle.js" order="1"/>
      <platform-library name="React" version="16.14.0"/>
      <platform-library name="Fluent" version="9.46.2"/>
    </resources>
    <feature-usage/>
    <built-by name="pac" version="1.49.4"/>
  </control>
</manifest>